{
  "config": {
    "phrase_length": 256,
    "phrase_mode": "variable",
    "phrase_lengths": [
      64,
      128,
      192,
      256
    ],
    "stride": 32,
    "overlap_strategy": "rolling",
    "max_training_bytes": 1000000,
    "train_sampling_seed": 123,
    "min_frequency": 2,
    "min_frequency_by_length": null,
    "max_extracted_phrases": 800000,
    "max_selected_phrases": 50000,
    "max_selected_phrases_by_length": null,
    "max_regions": 1024,
    "max_middle_variants": 32,
    "max_suffix_variants": 32,
    "prefix_index_bits": 16,
    "literal_block_bits": 8,
    "route_token_overhead_bits": 1,
    "literal_token_overhead_bits": 1,
    "debug": false,
    "random_seed": 123,
    "competition_target": "zlib"
  },
  "train_file": "v1_4_variable/train.bin",
  "test_file": "v1_4_variable/test.bin",
  "test_bits": 2560,
  "base_encode_sec": 0.011244799941778183,
  "base_decode_sec": 3.719981759786606e-05,
  "peak_memory_bytes": 508827,
  "mode_results": {
    "cube_actual_legacy": {
      "compressed_bits": 424,
      "avg_encode_sec": 5.646655336022377e-05,
      "avg_decode_sec": 6.316648796200752e-05,
      "encode_mbps": 45.33657267282968,
      "decode_mbps": 40.5278191426402
    },
    "cube_fixed_length_actual": {
      "compressed_bits": 360,
      "avg_encode_sec": 0.00026780009890596074,
      "avg_decode_sec": 5.536650617917379e-05,
      "encode_mbps": 9.559369135628872,
      "decode_mbps": 46.23734052705946
    },
    "cube_family_local_id_actual": {
      "compressed_bits": 304,
      "avg_encode_sec": 0.0003647666114072005,
      "avg_decode_sec": 0.00018393310407797495,
      "encode_mbps": 7.0181862043897185,
      "decode_mbps": 13.918103610727607
    },
    "cube_entropy_coded_actual": {
      "compressed_bits": 920,
      "avg_encode_sec": 0.00022213347256183624,
      "avg_decode_sec": 5.446669335166613e-05,
      "encode_mbps": 11.52460262055896,
      "decode_mbps": 47.00120096278416
    }
  }
}