{
  "config": {
    "phrase_length": 256,
    "phrase_mode": "variable",
    "phrase_lengths": [
      64,
      128,
      192,
      256
    ],
    "stride": 32,
    "overlap_strategy": "rolling",
    "max_training_bytes": 1000000,
    "train_sampling_seed": 123,
    "min_frequency": 2,
    "min_frequency_by_length": null,
    "max_extracted_phrases": 800000,
    "max_selected_phrases": 50000,
    "max_selected_phrases_by_length": null,
    "max_regions": 1024,
    "max_middle_variants": 32,
    "max_suffix_variants": 32,
    "prefix_index_bits": 16,
    "literal_block_bits": 8,
    "route_token_overhead_bits": 1,
    "literal_token_overhead_bits": 1,
    "debug": false,
    "random_seed": 123,
    "competition_target": "zlib"
  },
  "train_file": "corpora/phase1/mixed_general/train.bin",
  "test_file": "corpora/phase1/mixed_general/test.bin",
  "test_bits": 112744,
  "base_encode_sec": 21.332026000134647,
  "base_decode_sec": 0.00215600011870265,
  "peak_memory_bytes": 22098236,
  "mode_results": {
    "cube_actual_legacy": {
      "compressed_bits": 135552,
      "avg_encode_sec": 0.007094200234860182,
      "avg_decode_sec": 0.00779619999229908,
      "encode_mbps": 15.892418633179734,
      "decode_mbps": 14.461404288161685
    },
    "cube_fixed_length_actual": {
      "compressed_bits": 45336,
      "avg_encode_sec": 0.007477300086369117,
      "avg_decode_sec": 0.007936666564395031,
      "encode_mbps": 15.078169753482113,
      "decode_mbps": 14.205460073853294
    },
    "cube_family_local_id_actual": {
      "compressed_bits": 42832,
      "avg_encode_sec": 0.010759066790342331,
      "avg_decode_sec": 0.011672000090281168,
      "encode_mbps": 10.478975751057005,
      "decode_mbps": 9.659355648384345
    },
    "cube_entropy_coded_actual": {
      "compressed_bits": 56648,
      "avg_encode_sec": 0.007383633404970169,
      "avg_decode_sec": 0.009564733287940422,
      "encode_mbps": 15.26944714293484,
      "decode_mbps": 11.787469300597426
    }
  }
}