{
  "config": {
    "phrase_length": 256,
    "phrase_mode": "variable",
    "phrase_lengths": [
      64,
      128,
      192,
      256
    ],
    "stride": 32,
    "overlap_strategy": "rolling",
    "max_training_bytes": 1000000,
    "train_sampling_seed": 123,
    "min_frequency": 2,
    "min_frequency_by_length": null,
    "max_extracted_phrases": 800000,
    "max_selected_phrases": 50000,
    "max_selected_phrases_by_length": null,
    "max_regions": 1024,
    "max_middle_variants": 32,
    "max_suffix_variants": 32,
    "prefix_index_bits": 16,
    "literal_block_bits": 8,
    "route_token_overhead_bits": 1,
    "literal_token_overhead_bits": 1,
    "debug": false,
    "random_seed": 123,
    "competition_target": "zlib"
  },
  "train_file": "corpora/phase1/semi_structured_narrow/train.bin",
  "test_file": "corpora/phase1/semi_structured_narrow/test.bin",
  "test_bits": 204504,
  "base_encode_sec": 6.57386440038681,
  "base_decode_sec": 0.0030976999551057816,
  "peak_memory_bytes": 39903139,
  "mode_results": {
    "cube_actual_legacy": {
      "compressed_bits": 280752,
      "avg_encode_sec": 0.014590333215892315,
      "avg_decode_sec": 0.018130699793497723,
      "encode_mbps": 14.016403667686419,
      "decode_mbps": 11.279432251883735
    },
    "cube_fixed_length_actual": {
      "compressed_bits": 58064,
      "avg_encode_sec": 0.02054506664474805,
      "avg_decode_sec": 0.004251899973799785,
      "encode_mbps": 9.953922444553251,
      "decode_mbps": 48.09708630498225
    },
    "cube_family_local_id_actual": {
      "compressed_bits": 58064,
      "avg_encode_sec": 0.022116833366453648,
      "avg_decode_sec": 0.003933166774610679,
      "encode_mbps": 9.246531662628856,
      "decode_mbps": 51.9947441130926
    },
    "cube_entropy_coded_actual": {
      "compressed_bits": 58064,
      "avg_encode_sec": 0.020050333502391975,
      "avg_decode_sec": 0.003906899907936652,
      "encode_mbps": 10.199531093864497,
      "decode_mbps": 52.34431513962295
    }
  }
}