{
  "config": {
    "phrase_length": 256,
    "phrase_mode": "variable",
    "phrase_lengths": [
      64,
      128,
      192,
      256
    ],
    "stride": 32,
    "overlap_strategy": "rolling",
    "max_training_bytes": 1000000,
    "train_sampling_seed": 123,
    "min_frequency": 2,
    "min_frequency_by_length": null,
    "max_extracted_phrases": 800000,
    "max_selected_phrases": 50000,
    "max_selected_phrases_by_length": null,
    "max_regions": 1024,
    "max_middle_variants": 32,
    "max_suffix_variants": 32,
    "prefix_index_bits": 16,
    "literal_block_bits": 8,
    "route_token_overhead_bits": 1,
    "literal_token_overhead_bits": 1,
    "debug": false,
    "random_seed": 123,
    "competition_target": "zlib"
  },
  "train_file": "v1_4_variable/train.bin",
  "test_file": "v1_4_variable/test.bin",
  "test_bits": 2560,
  "base_encode_sec": 0.011289900168776512,
  "base_decode_sec": 3.589969128370285e-05,
  "peak_memory_bytes": 508827,
  "mode_results": {
    "cube_actual_legacy": {
      "compressed_bits": 424,
      "avg_encode_sec": 5.4899913569291435e-05,
      "avg_decode_sec": 6.436665231982867e-05,
      "encode_mbps": 46.63031020566032,
      "decode_mbps": 39.77214765310035
    },
    "cube_fixed_length_actual": {
      "compressed_bits": 360,
      "avg_encode_sec": 0.00017220014706254005,
      "avg_decode_sec": 5.503324791789055e-05,
      "encode_mbps": 14.866421682382496,
      "decode_mbps": 46.51733446333229
    },
    "cube_family_local_id_actual": {
      "compressed_bits": 304,
      "avg_encode_sec": 0.00032603337119023007,
      "avg_decode_sec": 0.00018073323493202528,
      "encode_mbps": 7.851956965798823,
      "decode_mbps": 14.164522651093085
    },
    "cube_entropy_coded_actual": {
      "compressed_bits": 920,
      "avg_encode_sec": 0.00017473334446549416,
      "avg_decode_sec": 5.579988161722819e-05,
      "encode_mbps": 14.650895670949293,
      "decode_mbps": 45.8782335339149
    }
  }
}