{
  "config": {
    "phrase_length": 256,
    "phrase_mode": "variable",
    "phrase_lengths": [
      64,
      128,
      192,
      256
    ],
    "stride": 32,
    "overlap_strategy": "rolling",
    "max_training_bytes": 1000000,
    "train_sampling_seed": 123,
    "min_frequency": 2,
    "min_frequency_by_length": null,
    "max_extracted_phrases": 800000,
    "max_selected_phrases": 50000,
    "max_selected_phrases_by_length": null,
    "max_regions": 1024,
    "max_middle_variants": 32,
    "max_suffix_variants": 32,
    "prefix_index_bits": 16,
    "literal_block_bits": 8,
    "route_token_overhead_bits": 1,
    "literal_token_overhead_bits": 1,
    "debug": false,
    "random_seed": 123,
    "competition_target": "zlib"
  },
  "train_file": "v1_4_variable/train.bin",
  "test_file": "v1_4_variable/test.bin",
  "test_bits": 2560,
  "base_encode_sec": 0.011656100396066904,
  "base_decode_sec": 3.6699697375297546e-05,
  "peak_memory_bytes": 508827,
  "mode_results": {
    "cube_actual_legacy": {
      "compressed_bits": 424,
      "avg_encode_sec": 5.733345945676168e-05,
      "avg_decode_sec": 6.41333560148875e-05,
      "encode_mbps": 44.65106456606961,
      "decode_mbps": 39.91682579975603
    },
    "cube_fixed_length_actual": {
      "compressed_bits": 360,
      "avg_encode_sec": 7.846687609950702e-05,
      "avg_decode_sec": 5.3633470088243484e-05,
      "encode_mbps": 32.62523152767749,
      "decode_mbps": 47.73138854875539
    },
    "cube_family_local_id_actual": {
      "compressed_bits": 304,
      "avg_encode_sec": 0.0002497999618450801,
      "avg_decode_sec": 0.0001818000649412473,
      "encode_mbps": 10.24820012417636,
      "decode_mbps": 14.081403110759727
    },
    "cube_entropy_coded_actual": {
      "compressed_bits": 920,
      "avg_encode_sec": 7.643348847826321e-05,
      "avg_decode_sec": 5.246652290225029e-05,
      "encode_mbps": 33.49317231187261,
      "decode_mbps": 48.79301806924586
    }
  }
}