{
  "config": {
    "phrase_length": 256,
    "phrase_mode": "variable",
    "phrase_lengths": [
      64,
      128,
      192,
      256
    ],
    "stride": 32,
    "overlap_strategy": "rolling",
    "max_training_bytes": 1000000,
    "train_sampling_seed": 123,
    "min_frequency": 2,
    "min_frequency_by_length": null,
    "max_extracted_phrases": 800000,
    "max_selected_phrases": 50000,
    "max_selected_phrases_by_length": null,
    "max_regions": 1024,
    "max_middle_variants": 32,
    "max_suffix_variants": 32,
    "prefix_index_bits": 16,
    "literal_block_bits": 8,
    "route_token_overhead_bits": 1,
    "literal_token_overhead_bits": 1,
    "debug": false,
    "random_seed": 123,
    "competition_target": "zlib"
  },
  "train_file": "corpora/phase1/semi_structured_narrow/train.bin",
  "test_file": "corpora/phase1/semi_structured_narrow/test.bin",
  "test_bits": 204504,
  "base_encode_sec": 7.83557500038296,
  "base_decode_sec": 0.004517400171607733,
  "peak_memory_bytes": 39903139,
  "mode_results": {
    "cube_actual_legacy": {
      "compressed_bits": 280752,
      "avg_encode_sec": 0.024353066459298134,
      "avg_decode_sec": 0.028790866645673912,
      "encode_mbps": 8.397464045925899,
      "decode_mbps": 7.103085937523474
    },
    "cube_fixed_length_actual": {
      "compressed_bits": 57872,
      "avg_encode_sec": 0.03022273350507021,
      "avg_decode_sec": 0.00488786647717158,
      "encode_mbps": 6.766561997633077,
      "decode_mbps": 41.839113436326635
    },
    "cube_family_local_id_actual": {
      "compressed_bits": 57872,
      "avg_encode_sec": 0.03271083331977328,
      "avg_decode_sec": 0.004543700100233157,
      "encode_mbps": 6.251873744726031,
      "decode_mbps": 45.00825219285621
    },
    "cube_entropy_coded_actual": {
      "compressed_bits": 57872,
      "avg_encode_sec": 0.027286000239352386,
      "avg_decode_sec": 0.00441473334406813,
      "encode_mbps": 7.494832449098217,
      "decode_mbps": 46.32306960844701
    }
  }
}