{
  "config": {
    "phrase_length": 256,
    "phrase_mode": "variable",
    "phrase_lengths": [
      64,
      128,
      192,
      256
    ],
    "stride": 32,
    "overlap_strategy": "rolling",
    "max_training_bytes": 1000000,
    "train_sampling_seed": 123,
    "min_frequency": 2,
    "min_frequency_by_length": null,
    "max_extracted_phrases": 800000,
    "max_selected_phrases": 50000,
    "max_selected_phrases_by_length": null,
    "max_regions": 1024,
    "max_middle_variants": 32,
    "max_suffix_variants": 32,
    "prefix_index_bits": 16,
    "literal_block_bits": 8,
    "route_token_overhead_bits": 1,
    "literal_token_overhead_bits": 1,
    "debug": false,
    "random_seed": 123,
    "competition_target": "zlib"
  },
  "train_file": "v1_4_variable/train.bin",
  "test_file": "v1_4_variable/test.bin",
  "test_bits": 2560,
  "base_encode_sec": 0.011196800041943789,
  "base_decode_sec": 4.190020263195038e-05,
  "peak_memory_bytes": 508827,
  "mode_results": {
    "cube_actual_legacy": {
      "compressed_bits": 424,
      "avg_encode_sec": 4.844013601541519e-05,
      "avg_decode_sec": 7.117986679077149e-05,
      "encode_mbps": 52.84873682405282,
      "decode_mbps": 35.96522605928655
    },
    "cube_fixed_length_actual": {
      "compressed_bits": 296,
      "avg_encode_sec": 8.541997522115707e-05,
      "avg_decode_sec": 8.607991039752961e-05,
      "encode_mbps": 29.969570857074324,
      "decode_mbps": 29.73980790846024
    },
    "cube_family_local_id_actual": {
      "compressed_bits": 240,
      "avg_encode_sec": 0.00026242006570100786,
      "avg_decode_sec": 0.00021670004352927207,
      "encode_mbps": 9.75535157024453,
      "decode_mbps": 11.813564770485119
    },
    "cube_entropy_coded_actual": {
      "compressed_bits": 856,
      "avg_encode_sec": 5.880007520318031e-05,
      "avg_decode_sec": 4.7319848090410235e-05,
      "encode_mbps": 43.53735928319931,
      "decode_mbps": 54.099920082347126
    }
  }
}