{
  "config": {
    "phrase_length": 256,
    "phrase_mode": "variable",
    "phrase_lengths": [
      64,
      128,
      192,
      256
    ],
    "stride": 32,
    "overlap_strategy": "rolling",
    "max_training_bytes": 1000000,
    "train_sampling_seed": 123,
    "min_frequency": 2,
    "min_frequency_by_length": null,
    "max_extracted_phrases": 800000,
    "max_selected_phrases": 50000,
    "max_selected_phrases_by_length": null,
    "max_regions": 1024,
    "max_middle_variants": 32,
    "max_suffix_variants": 32,
    "prefix_index_bits": 16,
    "literal_block_bits": 8,
    "route_token_overhead_bits": 1,
    "literal_token_overhead_bits": 1,
    "debug": false,
    "random_seed": 123,
    "competition_target": "zlib"
  },
  "train_file": "corpora/phase1/semi_structured_narrow/train.bin",
  "test_file": "corpora/phase1/semi_structured_narrow/test.bin",
  "test_bits": 204504,
  "base_encode_sec": 6.577822600025684,
  "base_decode_sec": 0.003295500297099352,
  "peak_memory_bytes": 39903139,
  "mode_results": {
    "cube_actual_legacy": {
      "compressed_bits": 280752,
      "avg_encode_sec": 0.014494933187961578,
      "avg_decode_sec": 0.01840946652616064,
      "encode_mbps": 14.108654199927319,
      "decode_mbps": 11.108632599939336
    },
    "cube_fixed_length_actual": {
      "compressed_bits": 82640,
      "avg_encode_sec": 0.015109333209693432,
      "avg_decode_sec": 0.017554533202201128,
      "encode_mbps": 13.534945398437566,
      "decode_mbps": 11.649640445828412
    },
    "cube_family_local_id_actual": {
      "compressed_bits": 78408,
      "avg_encode_sec": 0.017449799925088882,
      "avg_decode_sec": 0.018453966670980055,
      "encode_mbps": 11.719561306027888,
      "decode_mbps": 11.081845093044118
    },
    "cube_entropy_coded_actual": {
      "compressed_bits": 100464,
      "avg_encode_sec": 0.015554633301993212,
      "avg_decode_sec": 0.01940896672507127,
      "encode_mbps": 13.147465197639491,
      "decode_mbps": 10.536573270324315
    }
  }
}