{
  "config": {
    "phrase_length": 256,
    "phrase_mode": "variable",
    "phrase_lengths": [
      64,
      128,
      192,
      256
    ],
    "stride": 32,
    "overlap_strategy": "rolling",
    "max_training_bytes": 1000000,
    "train_sampling_seed": 123,
    "min_frequency": 2,
    "min_frequency_by_length": null,
    "max_extracted_phrases": 800000,
    "max_selected_phrases": 50000,
    "max_selected_phrases_by_length": null,
    "max_regions": 1024,
    "max_middle_variants": 32,
    "max_suffix_variants": 32,
    "prefix_index_bits": 16,
    "literal_block_bits": 8,
    "route_token_overhead_bits": 1,
    "literal_token_overhead_bits": 1,
    "debug": false,
    "random_seed": 123,
    "competition_target": "zlib"
  },
  "train_file": "v1_4_variable/train.bin",
  "test_file": "v1_4_variable/test.bin",
  "test_bits": 2560,
  "base_encode_sec": 0.013770900201052427,
  "base_decode_sec": 3.829970955848694e-05,
  "peak_memory_bytes": 508827,
  "mode_results": {
    "cube_actual_legacy": {
      "compressed_bits": 424,
      "avg_encode_sec": 5.520010987917582e-05,
      "avg_decode_sec": 6.21667131781578e-05,
      "encode_mbps": 46.376719278338925,
      "decode_mbps": 41.17959385537295
    },
    "cube_fixed_length_actual": {
      "compressed_bits": 376,
      "avg_encode_sec": 0.00020916666835546494,
      "avg_decode_sec": 5.776667967438698e-05,
      "encode_mbps": 12.23904372588394,
      "decode_mbps": 44.31620467767809
    },
    "cube_family_local_id_actual": {
      "compressed_bits": 320,
      "avg_encode_sec": 0.0003062332980334759,
      "avg_decode_sec": 0.00017880011970798174,
      "encode_mbps": 8.359639583413799,
      "decode_mbps": 14.317663792289508
    },
    "cube_entropy_coded_actual": {
      "compressed_bits": 936,
      "avg_encode_sec": 0.00016943318769335747,
      "avg_decode_sec": 5.579988161722819e-05,
      "encode_mbps": 15.109200475134326,
      "decode_mbps": 45.8782335339149
    }
  }
}