{
  "config": {
    "phrase_length": 256,
    "phrase_mode": "variable",
    "phrase_lengths": [
      64,
      128,
      192,
      256
    ],
    "stride": 32,
    "overlap_strategy": "rolling",
    "max_training_bytes": 1000000,
    "train_sampling_seed": 123,
    "min_frequency": 2,
    "min_frequency_by_length": null,
    "max_extracted_phrases": 800000,
    "max_selected_phrases": 50000,
    "max_selected_phrases_by_length": null,
    "max_regions": 1024,
    "max_middle_variants": 32,
    "max_suffix_variants": 32,
    "prefix_index_bits": 16,
    "literal_block_bits": 8,
    "route_token_overhead_bits": 1,
    "literal_token_overhead_bits": 1,
    "debug": false,
    "random_seed": 123,
    "competition_target": "zlib"
  },
  "train_file": "corpora/phase1/mixed_general/train.bin",
  "test_file": "corpora/phase1/mixed_general/test.bin",
  "test_bits": 112744,
  "base_encode_sec": 28.850675399880856,
  "base_decode_sec": 0.0028095999732613564,
  "peak_memory_bytes": 22098236,
  "mode_results": {
    "cube_actual_legacy": {
      "compressed_bits": 135552,
      "avg_encode_sec": 0.008552133260915676,
      "avg_decode_sec": 0.013127866666764021,
      "encode_mbps": 13.183143498857092,
      "decode_mbps": 8.588143288005456
    },
    "cube_fixed_length_actual": {
      "compressed_bits": 31864,
      "avg_encode_sec": 0.01769609997669856,
      "avg_decode_sec": 0.003239066805690527,
      "encode_mbps": 6.371121328906161,
      "decode_mbps": 34.80755623870637
    },
    "cube_family_local_id_actual": {
      "compressed_bits": 31864,
      "avg_encode_sec": 0.019992833491414785,
      "avg_decode_sec": 0.003876366807768742,
      "encode_mbps": 5.639220676169485,
      "decode_mbps": 29.08496682358501
    },
    "cube_entropy_coded_actual": {
      "compressed_bits": 31864,
      "avg_encode_sec": 0.017920333271225292,
      "avg_decode_sec": 0.0025030335721870265,
      "encode_mbps": 6.2914008514023125,
      "decode_mbps": 45.042943591639435
    }
  }
}