{
  "config": {
    "phrase_length": 256,
    "phrase_mode": "variable",
    "phrase_lengths": [
      64,
      128,
      192,
      256
    ],
    "stride": 32,
    "overlap_strategy": "rolling",
    "max_training_bytes": 1000000,
    "train_sampling_seed": 123,
    "min_frequency": 2,
    "min_frequency_by_length": null,
    "max_extracted_phrases": 800000,
    "max_selected_phrases": 50000,
    "max_selected_phrases_by_length": null,
    "max_regions": 1024,
    "max_middle_variants": 32,
    "max_suffix_variants": 32,
    "prefix_index_bits": 16,
    "literal_block_bits": 8,
    "route_token_overhead_bits": 1,
    "literal_token_overhead_bits": 1,
    "debug": false,
    "random_seed": 123,
    "competition_target": "zlib"
  },
  "train_file": "v1_4_variable/train.bin",
  "test_file": "v1_4_variable/test.bin",
  "test_bits": 2560,
  "base_encode_sec": 0.011844899971038103,
  "base_decode_sec": 3.750016912817955e-05,
  "peak_memory_bytes": 508827,
  "mode_results": {
    "cube_actual_legacy": {
      "compressed_bits": 424,
      "avg_encode_sec": 5.0559919327497485e-05,
      "avg_decode_sec": 5.942005664110184e-05,
      "encode_mbps": 50.63299218137241,
      "decode_mbps": 43.083095922685565
    },
    "cube_fixed_length_actual": {
      "compressed_bits": 296,
      "avg_encode_sec": 4.6080071479082106e-05,
      "avg_decode_sec": 4.74800355732441e-05,
      "encode_mbps": 55.555469378169335,
      "decode_mbps": 53.917398525341646
    },
    "cube_family_local_id_actual": {
      "compressed_bits": 240,
      "avg_encode_sec": 0.00020376015454530715,
      "avg_decode_sec": 0.000171780027449131,
      "encode_mbps": 12.563791020440998,
      "decode_mbps": 14.902780247593622
    },
    "cube_entropy_coded_actual": {
      "compressed_bits": 856,
      "avg_encode_sec": 5.6620035320520404e-05,
      "avg_decode_sec": 4.936009645462036e-05,
      "encode_mbps": 45.21367719938876,
      "decode_mbps": 51.863756027169806
    }
  }
}