{
  "config": {
    "phrase_length": 256,
    "phrase_mode": "variable",
    "phrase_lengths": [
      64,
      128,
      192,
      256
    ],
    "stride": 32,
    "overlap_strategy": "rolling",
    "max_training_bytes": 1000000,
    "train_sampling_seed": 123,
    "min_frequency": 2,
    "min_frequency_by_length": null,
    "max_extracted_phrases": 800000,
    "max_selected_phrases": 50000,
    "max_selected_phrases_by_length": null,
    "max_regions": 1024,
    "max_middle_variants": 32,
    "max_suffix_variants": 32,
    "prefix_index_bits": 16,
    "literal_block_bits": 8,
    "route_token_overhead_bits": 1,
    "literal_token_overhead_bits": 1,
    "debug": false,
    "random_seed": 123,
    "competition_target": "zlib"
  },
  "train_file": "corpora/phase1/semi_structured_narrow/train.bin",
  "test_file": "corpora/phase1/semi_structured_narrow/test.bin",
  "test_bits": 204504,
  "base_encode_sec": 6.603779799770564,
  "base_decode_sec": 0.003276300150901079,
  "peak_memory_bytes": 39903139,
  "mode_results": {
    "cube_actual_legacy": {
      "compressed_bits": 280752,
      "avg_encode_sec": 0.014901366705695787,
      "avg_decode_sec": 0.0174579001031816,
      "encode_mbps": 13.723841848803835,
      "decode_mbps": 11.714123622618871
    },
    "cube_fixed_length_actual": {
      "compressed_bits": 200416,
      "avg_encode_sec": 0.015914366735766333,
      "avg_decode_sec": 0.017622466664761305,
      "encode_mbps": 12.850275690856913,
      "decode_mbps": 11.604731839779024
    },
    "cube_family_local_id_actual": {
      "compressed_bits": 190568,
      "avg_encode_sec": 0.01705603317047159,
      "avg_decode_sec": 0.018195433386911947,
      "encode_mbps": 11.990126775436236,
      "decode_mbps": 11.239303601699346
    },
    "cube_entropy_coded_actual": {
      "compressed_bits": 210288,
      "avg_encode_sec": 0.01568470010533929,
      "avg_decode_sec": 0.01920676666001479,
      "encode_mbps": 13.038438645720998,
      "decode_mbps": 10.647497500229564
    }
  }
}