{
  "runs": [
    {
      "corpus": "structured_synthetic",
      "encode_mbps": 7.0181862043897185,
      "decode_mbps": 13.918103610727607,
      "peak_memory_mb": 0.48525524139404297,
      "test_bits": 2560,
      "best_mode": "cube_family_local_id_actual",
      "compressed_bits": 304
    },
    {
      "corpus": "semi_structured_narrow",
      "encode_mbps": 9.953922444553251,
      "decode_mbps": 48.09708630498225,
      "peak_memory_mb": 38.054598808288574,
      "test_bits": 204504,
      "best_mode": "cube_fixed_length_actual",
      "compressed_bits": 58064
    },
    {
      "corpus": "mixed_general",
      "encode_mbps": 11.174167937291667,
      "decode_mbps": 51.11638938253134,
      "peak_memory_mb": 21.074520111083984,
      "test_bits": 112744,
      "best_mode": "cube_fixed_length_actual",
      "compressed_bits": 31944
    }
  ]
}