{
  "config": {
    "phrase_length": 256,
    "phrase_mode": "variable",
    "phrase_lengths": [
      64,
      128,
      192,
      256
    ],
    "stride": 32,
    "overlap_strategy": "rolling",
    "max_training_bytes": 1000000,
    "train_sampling_seed": 123,
    "min_frequency": 2,
    "min_frequency_by_length": null,
    "max_extracted_phrases": 800000,
    "max_selected_phrases": 50000,
    "max_selected_phrases_by_length": null,
    "max_regions": 1024,
    "max_middle_variants": 32,
    "max_suffix_variants": 32,
    "prefix_index_bits": 16,
    "literal_block_bits": 8,
    "route_token_overhead_bits": 1,
    "literal_token_overhead_bits": 1,
    "debug": false,
    "random_seed": 123,
    "competition_target": "zlib"
  },
  "train_file": "corpora/phase1/mixed_general/train.bin",
  "test_file": "corpora/phase1/mixed_general/test.bin",
  "test_bits": 112744,
  "base_encode_sec": 21.38805459998548,
  "base_decode_sec": 0.0020514000207185745,
  "peak_memory_bytes": 22098236,
  "mode_results": {
    "cube_actual_legacy": {
      "compressed_bits": 135552,
      "avg_encode_sec": 0.006766533323874076,
      "avg_decode_sec": 0.007777833224584659,
      "encode_mbps": 16.66200321547373,
      "decode_mbps": 14.495553805863535
    },
    "cube_fixed_length_actual": {
      "compressed_bits": 99928,
      "avg_encode_sec": 0.008355133390674988,
      "avg_decode_sec": 0.008887166623026133,
      "encode_mbps": 13.493979656366891,
      "decode_mbps": 12.686158005397001
    },
    "cube_family_local_id_actual": {
      "compressed_bits": 94952,
      "avg_encode_sec": 0.010598333242038885,
      "avg_decode_sec": 0.011824866601576408,
      "encode_mbps": 10.637899132364943,
      "decode_mbps": 9.534483880348365
    },
    "cube_entropy_coded_actual": {
      "compressed_bits": 106848,
      "avg_encode_sec": 0.007126100050906341,
      "avg_decode_sec": 0.009221799982090792,
      "encode_mbps": 15.821276602152187,
      "decode_mbps": 12.225812771796681
    }
  }
}