{
  "config": {
    "phrase_length": 256,
    "phrase_mode": "variable",
    "phrase_lengths": [
      64,
      128,
      192,
      256
    ],
    "stride": 32,
    "overlap_strategy": "rolling",
    "max_training_bytes": 1000000,
    "train_sampling_seed": 123,
    "min_frequency": 2,
    "min_frequency_by_length": null,
    "max_extracted_phrases": 800000,
    "max_selected_phrases": 50000,
    "max_selected_phrases_by_length": null,
    "max_regions": 1024,
    "max_middle_variants": 32,
    "max_suffix_variants": 32,
    "prefix_index_bits": 16,
    "literal_block_bits": 8,
    "route_token_overhead_bits": 1,
    "literal_token_overhead_bits": 1,
    "debug": false,
    "random_seed": 123,
    "competition_target": "zlib"
  },
  "train_file": "corpora/phase1/semi_structured_narrow/train.bin",
  "test_file": "corpora/phase1/semi_structured_narrow/test.bin",
  "test_bits": 204504,
  "base_encode_sec": 6.556858500000089,
  "base_decode_sec": 0.0031869998201727867,
  "peak_memory_bytes": 39903139,
  "mode_results": {
    "cube_actual_legacy": {
      "compressed_bits": 280752,
      "avg_encode_sec": 0.015234880056232214,
      "avg_decode_sec": 0.018059680145233868,
      "encode_mbps": 13.423407289402482,
      "decode_mbps": 11.323788591791349
    },
    "cube_fixed_length_actual": {
      "compressed_bits": 271312,
      "avg_encode_sec": 0.01600223993882537,
      "avg_decode_sec": 0.016565859969705343,
      "encode_mbps": 12.779710889337624,
      "decode_mbps": 12.344906957681928
    },
    "cube_family_local_id_actual": {
      "compressed_bits": 261464,
      "avg_encode_sec": 0.01892806002870202,
      "avg_decode_sec": 0.022177760116755964,
      "encode_mbps": 10.804276808605605,
      "decode_mbps": 9.221129587630948
    },
    "cube_entropy_coded_actual": {
      "compressed_bits": 281184,
      "avg_encode_sec": 0.01489507993683219,
      "avg_decode_sec": 0.02008885992690921,
      "encode_mbps": 13.729634273013032,
      "decode_mbps": 10.179970428588884
    }
  }
}