{
  "config": {
    "phrase_length": 256,
    "phrase_mode": "variable",
    "phrase_lengths": [
      64,
      128,
      192,
      256
    ],
    "stride": 32,
    "overlap_strategy": "rolling",
    "max_training_bytes": 1000000,
    "train_sampling_seed": 123,
    "min_frequency": 2,
    "min_frequency_by_length": null,
    "max_extracted_phrases": 800000,
    "max_selected_phrases": 50000,
    "max_selected_phrases_by_length": null,
    "max_regions": 1024,
    "max_middle_variants": 32,
    "max_suffix_variants": 32,
    "prefix_index_bits": 16,
    "literal_block_bits": 8,
    "route_token_overhead_bits": 1,
    "literal_token_overhead_bits": 1,
    "debug": false,
    "random_seed": 123,
    "competition_target": "zlib"
  },
  "train_file": "corpora/phase1/semi_structured_narrow/train.bin",
  "test_file": "corpora/phase1/semi_structured_narrow/test.bin",
  "test_bits": 204504,
  "base_encode_sec": 7.549131500069052,
  "base_decode_sec": 0.0037827002815902233,
  "peak_memory_bytes": 39903139,
  "mode_results": {
    "cube_actual_legacy": {
      "compressed_bits": 280752,
      "avg_encode_sec": 0.019285266598065693,
      "avg_decode_sec": 0.019419233469913404,
      "encode_mbps": 10.60415727001211,
      "decode_mbps": 10.531002694665679
    },
    "cube_fixed_length_actual": {
      "compressed_bits": 57800,
      "avg_encode_sec": 0.024509933156271774,
      "avg_decode_sec": 0.004756100010126829,
      "encode_mbps": 8.343719205438555,
      "decode_mbps": 42.998254781136644
    },
    "cube_family_local_id_actual": {
      "compressed_bits": 57800,
      "avg_encode_sec": 0.029385933186858892,
      "avg_decode_sec": 0.0047659667519231634,
      "encode_mbps": 6.959248110298305,
      "decode_mbps": 42.90923765204164
    },
    "cube_entropy_coded_actual": {
      "compressed_bits": 57800,
      "avg_encode_sec": 0.024507099917779367,
      "avg_decode_sec": 0.004558299978574117,
      "encode_mbps": 8.344683813511399,
      "decode_mbps": 44.86409428103741
    }
  }
}