{
  "config": {
    "phrase_length": 256,
    "phrase_mode": "variable",
    "phrase_lengths": [
      64,
      128,
      192,
      256
    ],
    "stride": 32,
    "overlap_strategy": "rolling",
    "max_training_bytes": 1000000,
    "train_sampling_seed": 123,
    "min_frequency": 2,
    "min_frequency_by_length": null,
    "max_extracted_phrases": 800000,
    "max_selected_phrases": 50000,
    "max_selected_phrases_by_length": null,
    "max_regions": 1024,
    "max_middle_variants": 32,
    "max_suffix_variants": 32,
    "prefix_index_bits": 16,
    "literal_block_bits": 8,
    "route_token_overhead_bits": 1,
    "literal_token_overhead_bits": 1,
    "debug": false,
    "random_seed": 123,
    "competition_target": "zlib"
  },
  "train_file": "v1_4_variable/train.bin",
  "test_file": "v1_4_variable/test.bin",
  "test_bits": 2560,
  "base_encode_sec": 0.011292500421404839,
  "base_decode_sec": 3.5400036722421646e-05,
  "peak_memory_bytes": 508827,
  "mode_results": {
    "cube_actual_legacy": {
      "compressed_bits": 424,
      "avg_encode_sec": 5.536650617917379e-05,
      "avg_decode_sec": 6.386684253811836e-05,
      "encode_mbps": 46.23734052705946,
      "decode_mbps": 40.0833969281022
    },
    "cube_fixed_length_actual": {
      "compressed_bits": 360,
      "avg_encode_sec": 4.969987397392591e-05,
      "avg_decode_sec": 5.019999419649442e-05,
      "encode_mbps": 51.509184939645024,
      "decode_mbps": 50.9960218317868
    },
    "cube_family_local_id_actual": {
      "compressed_bits": 304,
      "avg_encode_sec": 0.00021050001184145609,
      "avg_decode_sec": 0.00017886655405163765,
      "encode_mbps": 12.161519505890265,
      "decode_mbps": 14.312345947364447
    },
    "cube_entropy_coded_actual": {
      "compressed_bits": 920,
      "avg_encode_sec": 6.783334538340569e-05,
      "avg_decode_sec": 5.1266668985287346e-05,
      "encode_mbps": 37.739551035415424,
      "decode_mbps": 49.9349782357554
    }
  }
}