{
  "config": {
    "phrase_length": 256,
    "phrase_mode": "variable",
    "phrase_lengths": [
      64,
      128,
      192,
      256
    ],
    "stride": 32,
    "overlap_strategy": "rolling",
    "max_training_bytes": 1000000,
    "train_sampling_seed": 123,
    "min_frequency": 2,
    "min_frequency_by_length": null,
    "max_extracted_phrases": 800000,
    "max_selected_phrases": 50000,
    "max_selected_phrases_by_length": null,
    "max_regions": 1024,
    "max_middle_variants": 32,
    "max_suffix_variants": 32,
    "prefix_index_bits": 16,
    "literal_block_bits": 8,
    "route_token_overhead_bits": 1,
    "literal_token_overhead_bits": 1,
    "debug": false,
    "random_seed": 123,
    "competition_target": "zlib"
  },
  "train_file": "corpora/phase1/mixed_general/train.bin",
  "test_file": "corpora/phase1/mixed_general/test.bin",
  "test_bits": 112744,
  "base_encode_sec": 21.41451429994777,
  "base_decode_sec": 0.0019808998331427574,
  "peak_memory_bytes": 22098236,
  "mode_results": {
    "cube_actual_legacy": {
      "compressed_bits": 135552,
      "avg_encode_sec": 0.006856040004640818,
      "avg_decode_sec": 0.008092399965971709,
      "encode_mbps": 16.444478142438516,
      "decode_mbps": 13.932084483476475
    },
    "cube_fixed_length_actual": {
      "compressed_bits": 130136,
      "avg_encode_sec": 0.00664286008104682,
      "avg_decode_sec": 0.008040640130639076,
      "encode_mbps": 16.972207546818172,
      "decode_mbps": 14.021769183573575
    },
    "cube_family_local_id_actual": {
      "compressed_bits": 125160,
      "avg_encode_sec": 0.011132360063493251,
      "avg_decode_sec": 0.012249339930713176,
      "encode_mbps": 10.127591935309876,
      "decode_mbps": 9.20408778250273
    },
    "cube_entropy_coded_actual": {
      "compressed_bits": 137056,
      "avg_encode_sec": 0.006745379976928234,
      "avg_decode_sec": 0.008911320008337498,
      "encode_mbps": 16.71425485082047,
      "decode_mbps": 12.651773238366019
    }
  }
}