{
  "config": {
    "phrase_length": 256,
    "phrase_mode": "variable",
    "phrase_lengths": [
      64,
      128,
      192,
      256
    ],
    "stride": 32,
    "overlap_strategy": "rolling",
    "max_training_bytes": 1000000,
    "train_sampling_seed": 123,
    "min_frequency": 2,
    "min_frequency_by_length": null,
    "max_extracted_phrases": 800000,
    "max_selected_phrases": 50000,
    "max_selected_phrases_by_length": null,
    "max_regions": 1024,
    "max_middle_variants": 32,
    "max_suffix_variants": 32,
    "prefix_index_bits": 16,
    "literal_block_bits": 8,
    "route_token_overhead_bits": 1,
    "literal_token_overhead_bits": 1,
    "debug": false,
    "random_seed": 123,
    "competition_target": "zlib"
  },
  "train_file": "corpora/phase1/mixed_general/train.bin",
  "test_file": "corpora/phase1/mixed_general/test.bin",
  "test_bits": 112744,
  "base_encode_sec": 21.469665499869734,
  "base_decode_sec": 0.0020400998182594776,
  "peak_memory_bytes": 22098236,
  "mode_results": {
    "cube_actual_legacy": {
      "compressed_bits": 135552,
      "avg_encode_sec": 0.006957166828215122,
      "avg_decode_sec": 0.007818400083730618,
      "encode_mbps": 16.205447243662654,
      "decode_mbps": 14.420341603470773
    },
    "cube_fixed_length_actual": {
      "compressed_bits": 31944,
      "avg_encode_sec": 0.010089699799815813,
      "avg_decode_sec": 0.0022056330926716328,
      "encode_mbps": 11.174167937291667,
      "decode_mbps": 51.11638938253134
    },
    "cube_family_local_id_actual": {
      "compressed_bits": 31944,
      "avg_encode_sec": 0.013205966756989559,
      "avg_decode_sec": 0.0022256000277896724,
      "encode_mbps": 8.537353006763224,
      "decode_mbps": 50.65779951124926
    },
    "cube_entropy_coded_actual": {
      "compressed_bits": 31944,
      "avg_encode_sec": 0.00980156660079956,
      "avg_decode_sec": 0.0023081999582548938,
      "encode_mbps": 11.502651014053502,
      "decode_mbps": 48.84498831948671
    }
  }
}