{
  "config": {
    "phrase_length": 256,
    "phrase_mode": "variable",
    "phrase_lengths": [
      64,
      128,
      192,
      256
    ],
    "stride": 32,
    "overlap_strategy": "rolling",
    "max_training_bytes": 1000000,
    "train_sampling_seed": 123,
    "min_frequency": 2,
    "min_frequency_by_length": null,
    "max_extracted_phrases": 800000,
    "max_selected_phrases": 50000,
    "max_selected_phrases_by_length": null,
    "max_regions": 1024,
    "max_middle_variants": 32,
    "max_suffix_variants": 32,
    "prefix_index_bits": 16,
    "literal_block_bits": 8,
    "route_token_overhead_bits": 1,
    "literal_token_overhead_bits": 1,
    "debug": false,
    "random_seed": 123,
    "competition_target": "zlib"
  },
  "train_file": "corpora/phase1/mixed_general/train.bin",
  "test_file": "corpora/phase1/mixed_general/test.bin",
  "test_bits": 112744,
  "base_encode_sec": 27.945228500291705,
  "base_decode_sec": 0.002618300262838602,
  "peak_memory_bytes": 22098236,
  "mode_results": {
    "cube_actual_legacy": {
      "compressed_bits": 135552,
      "avg_encode_sec": 0.00831319997087121,
      "avg_decode_sec": 0.009562033228576183,
      "encode_mbps": 13.562045950421737,
      "decode_mbps": 11.790797762871604
    },
    "cube_fixed_length_actual": {
      "compressed_bits": 31792,
      "avg_encode_sec": 0.013231866837789616,
      "avg_decode_sec": 0.0025752332682410875,
      "encode_mbps": 8.520641976082182,
      "decode_mbps": 43.78011164674235
    },
    "cube_family_local_id_actual": {
      "compressed_bits": 31792,
      "avg_encode_sec": 0.016930466673026483,
      "avg_decode_sec": 0.003324899977693955,
      "encode_mbps": 6.659237584964097,
      "decode_mbps": 33.908989971540635
    },
    "cube_entropy_coded_actual": {
      "compressed_bits": 31792,
      "avg_encode_sec": 0.011216366663575172,
      "avg_decode_sec": 0.0027174331868688264,
      "encode_mbps": 10.05173987099877,
      "decode_mbps": 41.48915253732871
    }
  }
}