{
  "runs": [
    {
      "corpus": "structured_synthetic",
      "test_bits": 2560,
      "best_mode": "cube_family_local_id_actual",
      "bits": 320,
      "encode_mbps": 8.359639583413799,
      "decode_mbps": 14.317663792289508,
      "peak_memory_mb": 0.48525524139404297
    },
    {
      "corpus": "semi_structured_narrow",
      "test_bits": 204504,
      "best_mode": "cube_fixed_length_actual",
      "bits": 57872,
      "encode_mbps": 6.766561997633077,
      "decode_mbps": 41.839113436326635,
      "peak_memory_mb": 38.054598808288574
    },
    {
      "corpus": "mixed_general",
      "test_bits": 112744,
      "best_mode": "cube_fixed_length_actual",
      "bits": 31864,
      "encode_mbps": 6.371121328906161,
      "decode_mbps": 34.80755623870637,
      "peak_memory_mb": 21.074520111083984
    }
  ]
}